sourceRef	amount	category	supplier	flagReason	escalationTimeout	useLimits
INV-DEMO-001	850	produce	Demo Fresh Produce (fictional)	Routine delivery	-	yes
INV-DEMO-002	1420	dairy	Demo Dairy Co (fictional)	Routine delivery	-	yes
INV-DEMO-003	640	cleaning	Demo Hygiene Supplies (fictional)	Routine delivery	-	yes
INV-DEMO-004	7800	beverages	Demo Beverage Wholesale (fictional)	Unit price above last order	-	yes
INV-DEMO-005	12500	meat	Demo Butchery (fictional)	Short-delivered: 2 of 10 cases missing	-	yes
INV-DEMO-006	48000	equipment	Demo Kitchen Equipment (fictional)	New supplier, first invoice	-	yes
VAR-DEMO-007	-3600	bar	Demo Outlet A pour-cost check (fictional)	Pour-cost variance over tolerance	-	yes
INV-DEMO-008	9200	dry goods	Demo Dry Goods (fictional)	Escalation demo: manager does not respond	PT2M	yes
INV-DEMO-009	950	produce	Demo Fresh Produce (fictional)	Fail-safe demo: no limits configured	-	no
